﻿<?xml version="1.0" encoding="UTF-8" standalone="yes"?>
<addon id="plugin.video.cryflix" name="[COLOR red]Cry[/COLOR]flix" version="3.0.1">
    <requires>
        <import addon="script.module.simplejson" version="2.0.10"/>
        <import addon="script.module.six" version="1.11.0"/>
        <import addon="script.module.requests" version="2.12.4"/>
        <import addon="plugin.video.youtube" optional="true"/>
        <import addon="inputstream.adaptive" optional="true"/>
    </requires>
    <extension point="xbmc.python.pluginsource" library="startup.py">
        <provides>video</provides>
    </extension>
    <extension point="xbmc.addon.metadata">
        <platform>all</platform>
        <assets>
            <icon>icon.png</icon>
            <banner>icon.png</banner>
            <clearlogo>icon.png</clearlogo>
            <landscape>icon.png</landscape>
            <thumb>icon.png</thumb>
            <fanart>fanart.jpg</fanart>
        </assets>
    </extension>
</addon>
