<?xml version="1.0" encoding="UTF-8" standalone="yes"?>
<addon id="repository.cryflix" name="[COLOR red]Cry[/COLOR]flix Repository" version="1.0.1">
    <requires>
        <import addon="xbmc.addon" version="12.0.0"/>
    </requires>
    <extension point="xbmc.addon.repository">
        <info compressed="true">ftp://repo.vnext.to:2121/addons.xml</info>
        <checksum>ftp://repo.vnext.to:2121/addons.xml.md5</checksum>
        <datadir zip="true">ftp://repo.vnext.to:2121/</datadir>
    </extension>
    <extension point="xbmc.addon.metadata">
        <platform>all</platform>
        <assets>
            <icon>icon.png</icon>
            <fanart>fanart.jpg</fanart>
        </assets>
    </extension>
</addon>